Task ID,Sprint,Gate,Task,Description,Input,Action,Output,Evidence,Dependency,Estimated Effort,AI Assistance,Human Validation,Status
OPS-001,S0,G1,Buat akun GitHub dan gabung organisasi riset,Setiap anggota memiliki akun GitHub aktif dan bergabung ke tim @students di organisasi UAI-AI-Research.,Email kampus; undangan organisasi dari dosen pengampu,Buat/aktifkan akun GitHub dengan nama asli; aktifkan 2FA; terima undangan tim; isi profil singkat,Akun GitHub aktif per anggota,Nama akun tercatat di daftar kelas; keanggotaan tim @students terlihat,-,1h,-,Dosen memverifikasi setiap akun milik mahasiswa terdaftar,Planned
OPS-002,S0,G1,Baca Student Weekly Playbook dan AI Research Protocol,"Mahasiswa memahami ritme sprint, 8 gate, dan aturan Think-Ask-Ground-Verify-Challenge-Reproduce-Disclose-Own sebelum mulai.",OPS-05 Student Weekly Playbook; AIX-04 AI Research Protocol; OPS-03 Research Gates,Baca ketiga dokumen; catat 3 pertanyaan; tandatangani AI Research Protocol agreement,Agreement AI Research Protocol tertandatangani,File docs/ai-protocol-agreement.md (atau form kelas) berisi nama dan tanggal,OPS-001,2h,-,Dosen memeriksa agreement ditandatangani semua anggota,Planned
OPS-003,S0,G1,Bentuk tim riset 1-3 orang dan tetapkan peran,"Tim dibentuk dengan peran eksplisit: lead, data/experiment owner, dan documentation/reviewer owner (boleh rangkap bila tim kecil).",Daftar kelas; minat awal tiap mahasiswa,Diskusikan minat; pilih anggota; tulis pembagian peran dan jadwal kerja mingguan; sepakati aturan komunikasi,Team charter 1 halaman,"docs/team.md berisi nama, peran, jadwal, kontak",OPS-001,1h,-,Dosen menyetujui komposisi tim,Planned
OPS-004,S0,G1,Pilih entry door dan kandidat masalah awal,Tim memilih satu dari enam pintu masuk (Problem/Dataset/Faculty Research/Course Project/Partner/Competition) dan 1-3 kandidat masalah dari backlog atau usulan sendiri.,research-backlog/BACKLOG.md; Issues type:problem; AIR-02 klaster; minat tim,Telusuri backlog; diskusikan 1-3 kandidat; tulis alasan memilih pintu masuk; tandai klaster C1-C4 kandidat,Daftar kandidat masalah dengan entry door,docs/endgame.md bagian Entry Door berisi 1-3 kandidat + klaster,OPS-003,2h,Brainstorm variasi kandidat masalah dan pertanyaan klarifikasi; tidak memutuskan pilihan,Tim memutuskan sendiri pilihan pintu masuk; dosen memberi umpan balik,Planned
OPS-005,S0,G1,Buat repositori riset dari template TPL-15,Repositori proj-YYYY-topik dibuat dari template standar dengan struktur folder lengkap.,TPL-15 Research Repository Template; akun GitHub tim; nama topik sementara,Buat repo dari template; cek folder docs/ data/ src/ notebooks/ experiments/ results/ figures/ paper/ presentation/; isi README riset bagian identitas; commit pertama,Repositori riset dengan struktur standar,URL repo; commit awal; README riset berisi nama tim dan Research ID sementara UIAI-YYYY-TBD,OPS-003;OPS-004,1h,Membantu menulis README awal dari template; hasil diperiksa tim,Tim memastikan struktur folder sesuai TPL-15 dan tidak ada data mentah,Planned
OPS-006,S0,G1,Mulai AI Usage Log dan catat penggunaan pertama,AI Usage Log dibuat dari TPL-10 dan dipakai sejak hari pertama untuk setiap penggunaan AI yang memengaruhi pekerjaan.,TPL-10 AI Usage Log Template; repositori riset,"Salin template ke docs/AI-USAGE.md; catat penggunaan AI pada OPS-004/OPS-005 (tool, tanggal, tujuan, output, verifikasi); sepakati kebiasaan mencatat",docs/AI-USAGE.md aktif,Commit docs/AI-USAGE.md berisi minimal 1 entri terverifikasi,OPS-002;OPS-005,1h,-,Setiap anggota memverifikasi entri log miliknya sendiri,Planned
OPS-007,S1,G1,Ikuti sesi Research Mindset dan bedakan proyek vs riset,"Mahasiswa memahami perbedaan project, implementation, engineering, dan research, serta alur research thinking dari fenomena sampai so what.",Materi W1; MET-01 Positioning; AIX-01 Meta-Thinking,Ikuti sesi; kerjakan latihan klasifikasi 5 contoh judul TA (proyek atau riset); tulis refleksi 5 kalimat,Refleksi W1,docs/journal/w01.md berisi klasifikasi dan refleksi,OPS-002,2h,Menguji pemahaman lewat contoh tambahan; jawaban akhir ditulis mahasiswa,Mahasiswa menjelaskan ulang perbedaan tanpa membaca catatan,Planned
OPS-008,S1,G1,"Tetapkan endgame: minimum TA Ready, target Research Ready","Tim menyatakan tujuan akhir riset secara eksplisit: minimum, target, dan aspirasi (paper/dataset/artefak/HKI/produk).",STR-02 Vision & Endgame; kandidat masalah (OPS-004); TPL-01 bagian Endgame,Diskusikan tiga layer outcome; tulis endgame yang realistis untuk 1 semester + TA; sebutkan bentuk output yang dituju,Bagian Endgame di docs/endgame.md,docs/endgame.md berisi minimum/target/aspirasi dan bentuk output,OPS-004;OPS-007,2h,Mengkritik apakah endgame terlalu luas atau terlalu sempit,"Dosen memeriksa endgame memuat klaim pengetahuan, bukan sekadar membuat aplikasi",Planned
OPS-009,S1,G1,Tulis klaim pengetahuan awal yang ingin dibuktikan,Endgame dilengkapi satu kalimat klaim pengetahuan sementara agar riset tidak menjadi sekadar membangun aplikasi X.,docs/endgame.md; alur research thinking,Tulis kalimat 'Kami ingin membuktikan bahwa ___ pada konteks ___'; tandai apa yang masih asumsi,Kalimat klaim awal,docs/endgame.md bagian Initial Claim,OPS-008,1h,Menawarkan alternatif rumusan klaim; tim memilih dan mengeditnya,Tim menandai bagian klaim yang masih asumsi tanpa bukti,Planned
OPS-010,S1,G1,Identifikasi kandidat dosen mentor dan klaster riset,Tim memetakan riset ke klaster C1-C4 dan domain roadmap serta mengidentifikasi 1-2 kandidat mentor.,AIR-02 klaster; AIR-03 Faculty Research Alignment; TPL-07 faculty map; research-roadmap/,Cocokkan kandidat masalah dengan klaster dan domain; lihat peta riset dosen; tulis 1-2 kandidat mentor dengan alasan; kirim pesan permintaan mentor,Daftar kandidat mentor + klaster,docs/endgame.md bagian Cluster & Mentor; bukti pesan/permintaan mentor,OPS-008,1h,-,Dosen pengampu mengonfirmasi kandidat mentor masuk akal,Planned
OPS-011,S1,G1,Buka Issue type:problem awal dengan Research ID sementara,Masalah awal dicatat sebagai Issue Research Problem agar traceable sejak hari pertama.,Form Issue Research Problem (.github/ISSUE_TEMPLATE); kandidat masalah terpilih,"Isi form: cluster, domain, problem owner, potential dataset, maturity, related courses, potential output, priority; pakai judul [UIAI-YYYY-TBD] ...",Issue type:problem,Nomor Issue tercantum di README riset bagian Research ID,OPS-004;OPS-010,1h,Membantu merapikan bahasa Issue; isi substantif dari tim,Tim memastikan problem owner riil dan tidak ada data pribadi,Planned
OPS-012,S1,G1,Tulis Research One-Pager v0 bagian identitas dan endgame,"Research One-Pager dimulai: judul kerja, tim, klaster, entry door, endgame; bagian lain ditandai belum diisi.",TPL-01 Research One-Pager Template; docs/endgame.md,Salin template ke docs/one-pager.md; isi bagian identitas/endgame; beri tanda bagian yang menunggu gate berikutnya,docs/one-pager.md v0 (parsial),Commit docs/one-pager.md dengan bagian identitas dan endgame terisi,OPS-008;OPS-011,1h,Merapikan format; bukan mengisi konten,Tim memeriksa konsistensi dengan Issue dan endgame,Planned
OPS-013,S1,G1,Siapkan PR GATE REVIEW: Endgame Ready,Semua bukti G1 dikumpulkan dalam satu PR dari branch research/g1-endgame agar dosen dapat mereview.,OPS-03 definisi G1; CONTRIBUTING.md; docs/endgame.md; repo; Issue,Buat branch research/g1-endgame; pastikan bukti wajib G1 ada; buka PR dengan template default; minta review dosen pengampu; merge bila lulus,PR GATE REVIEW: Endgame Ready,URL PR dengan checklist bukti G1; merge oleh dosen pengampu = G1 lulus,OPS-005;OPS-006;OPS-011;OPS-012,1h,-,Dosen pengampu mereview: endgame spesifik dan realistis,Planned
OPS-014,S1,G1,Perbarui AI Usage Log dan jurnal mingguan W1,Semua penggunaan AI minggu ini tercatat; refleksi mingguan ditulis untuk melatih metakognisi.,docs/AI-USAGE.md; kegiatan minggu ini,"Lengkapi entri AI Usage Log; tulis jurnal: apa yang dipelajari, apa yang masih ragu, rencana minggu depan",AI Usage Log W1 + jurnal,Commit docs/AI-USAGE.md dan docs/journal/w01.md,OPS-006;OPS-007,0.5h,-,Setiap anggota memverifikasi entri log miliknya,Planned
OPS-015,S2,G2,Ikuti sesi Problem Discovery dan latihan problem-first,"Mahasiswa berlatih mundur dari solusi ke masalah: mengapa X perlu diprediksi, siapa yang peduli, keputusan apa yang berubah.",Materi W2; contoh pola TA solution-first; AIX-01 problem framing,Ikuti sesi; ambil judul TA solution-first; tulis ulang menjadi problem-first dengan 5 pertanyaan mundur,Latihan problem-first,docs/journal/w02.md berisi hasil latihan,OPS-007,2h,Memberi contoh judul solution-first untuk dilatih; jawaban ditulis mahasiswa,Mahasiswa menjelaskan mengapa versi problem-first lebih baik,Planned
OPS-016,S2,G2,Wawancara atau observasi stakeholder masalah,"Tim mengumpulkan bukti bahwa masalah nyata dari pemilik masalah (dosen, praktisi, pengguna, atau dokumen resmi).",Issue type:problem; kontak problem owner; panduan wawancara singkat,Susun 5-7 pertanyaan; lakukan wawancara/observasi/telaah dokumen; catat kutipan dan angka; simpan tanpa data pribadi,Catatan stakeholder,"docs/problem.md bagian Evidence of Need dengan sumber (nama peran, tanggal)",OPS-011,3h,Membantu menyusun daftar pertanyaan wawancara; tidak menggantikan wawancara,Tim memastikan catatan berasal dari sumber nyata dan izin diperoleh,Planned
OPS-017,S2,G2,Tulis Problem Brief,"Problem Brief menjelaskan fenomena/masalah nyata, konteks Indonesia/UAI, mengapa penting sekarang, dan apa yang terjadi bila dibiarkan.",Catatan stakeholder (OPS-016); docs/endgame.md; MET-04 spesifikasi Problem Brief,"Tulis docs/problem.md 1-2 halaman: fenomena, konteks, urgensi, batasan; hindari menyebut algoritma",docs/problem.md,Commit docs/problem.md; tidak ada nama metode di bagian masalah,OPS-013;OPS-015;OPS-016,3h,Mengkritik struktur dan kejelasan; menantang apakah masalah nyata,Dosen dan peer memeriksa masalah dapat dijelaskan ulang dalam 2 kalimat,Planned
OPS-018,S2,G2,Tulis Stakeholder & Impact Statement,"Menyatakan siapa pemangku kepentingan, keputusan apa yang berubah bila riset berhasil, dan siapa yang dirugikan bila salah.",docs/problem.md; catatan stakeholder,"Buat tabel stakeholder: peran, kepentingan, keputusan yang berubah, risiko; tulis paragraf dampak",Bagian Stakeholder & Impact di docs/problem.md,Tabel stakeholder terisi minimal 2 pemangku kepentingan,OPS-017,1.5h,Menawarkan stakeholder yang mungkin terlewat; tim memverifikasi relevansinya,"Tim memastikan tiap stakeholder nyata, bukan hipotetis",Planned
OPS-019,S2,G2,Selaraskan masalah dengan klaster dan domain roadmap,Masalah dipetakan ke satu klaster C1-C4 dan domain roadmap 2026-2030 agar masuk portofolio pusat riset.,AIR-02; research-roadmap/clusters/; research-roadmap/domains/; docs/problem.md,Pilih klaster utama dan domain; tulis 3 kalimat alasan keselarasan; perbarui label cluster:* pada Issue,Bagian Alignment di docs/problem.md,Label cluster:* pada Issue; bagian Alignment terisi,OPS-010;OPS-017,1h,-,Dosen mengonfirmasi klaster dan domain,Planned
OPS-020,S2,G2,Lengkapi Research One-Pager v0,"One-Pager v0 kini memuat problem, why, stakeholder, dan expected contribution sementara; RQ/method masih kosong secara sengaja.",docs/one-pager.md; docs/problem.md; TPL-01,"Isi bagian Problem, Why now, Stakeholder, Expected contribution (tentatif); tandai RQ/Method/Data/Baseline menunggu G3-G5",docs/one-pager.md v0,Commit dengan tag one-pager-v0,OPS-012;OPS-017;OPS-018,1h,Meringkas problem brief menjadi 3 kalimat; tim mengedit,Tim memeriksa One-Pager tidak mendahului bukti literatur,Planned
OPS-021,S2,G2,Perbarui Issue backlog dan ajukan permohonan Research ID resmi,Issue diperbarui dengan Problem Brief dan diajukan ke @maintainers; Research ID resmi UIAI-YYYY-NNN ditetapkan saat PR GATE REVIEW: Problem Ready di-merge.,Issue type:problem; docs/problem.md; GOVERNANCE.md bagian skema identitas,"Perbarui deskripsi Issue; tautkan docs/problem.md; mention @maintainers untuk penetapan ID; setelah PR G2 merge dan ID diberikan, ganti UIAI-YYYY-TBD di judul Issue dan semua file",Issue diperbarui; permohonan Research ID tercatat,"Komentar permohonan ID di Issue; setelah G2 merge, judul Issue dan README riset memuat UIAI-YYYY-NNN",OPS-011;OPS-020,0.5h,-,@maintainers menetapkan ID saat G2 merge; tim memeriksa konsistensi ID di semua file,Planned
OPS-022,S2,G2,Siapkan PR GATE REVIEW: Problem Ready (problem-review.md),Bukti G2 dikumpulkan dalam PR dari branch research/g2-problem memakai template problem-review.,OPS-03 definisi G2; .github/PULL_REQUEST_TEMPLATE/problem-review.md; docs/problem.md; docs/one-pager.md,Buat branch research/g2-problem; isi template PR; minta review dosen + 1 peer reviewer; tanggapi komentar; merge bila lulus; @maintainers menetapkan Research ID resmi; buat release v0.1 Problem Validated,PR GATE REVIEW: Problem Ready,URL PR; release v0.1 setelah merge; label gate:G2-problem,OPS-017;OPS-018;OPS-019;OPS-020;OPS-021,1.5h,-,Dosen + peer memeriksa masalah problem-first dan dapat dijelaskan ulang,Planned
OPS-023,S2,G2,Perbarui AI Usage Log dan jurnal mingguan W2,Semua penggunaan AI minggu ini tercatat beserta cara verifikasinya; refleksi ditulis.,docs/AI-USAGE.md; kegiatan minggu ini,Lengkapi entri log; tulis jurnal W2: bukti apa yang paling meyakinkan bahwa masalah nyata,AI Usage Log W2 + jurnal,Commit docs/AI-USAGE.md dan docs/journal/w02.md,OPS-014;OPS-015,0.5h,-,Setiap anggota memverifikasi entri log miliknya,Planned
OPS-024,S3,G3,Ikuti sesi Evidence Discovery dan kualitas sumber,"Mahasiswa mengenal Google Scholar/Scopus/Semantic Scholar, citation chaining, jenis sumber, dan cara menilai kualitas sumber.",Materi W3; AIX-05 kategori literature search dan citation intelligence,Ikuti sesi; coba tiga basis data dengan satu kata kunci yang sama; bandingkan hasil; catat perbedaan,Catatan perbandingan basis data,docs/journal/w03.md berisi perbandingan 3 basis data,OPS-017,2h,Menjelaskan fitur basis data; bukan sumber daftar referensi,Mahasiswa menyebutkan kriteria kualitas sumber dengan kata sendiri,Planned
OPS-025,S3,G3,Susun daftar kata kunci dan sinonim dari Problem Brief,Daftar kata kunci dalam bahasa Inggris dan Indonesia diturunkan dari konsep inti masalah.,docs/problem.md; docs/endgame.md,"Ekstrak 3-5 konsep inti; buat sinonim, istilah teknis, variasi domain; susun kombinasi boolean",Tabel kata kunci,docs/literature/search-strategy.md bagian Keywords,OPS-017;OPS-024,1.5h,Mengusulkan sinonim dan istilah teknis; tim memverifikasi lewat hasil pencarian nyata,Tim menguji tiap kata kunci menghasilkan artikel relevan,Planned
OPS-026,S3,G3,"Tulis search strategy: basis data, kriteria inklusi/eksklusi",Strategi pencarian terdokumentasi agar pencarian dapat diulang dan dinilai orang lain.,Tabel kata kunci; MET-04 bagian Literature Evidence Map; OPS-03 G3,Tentukan basis data; rentang tahun; bahasa; kriteria inklusi/eksklusi; kriteria kualitas sumber; cara mencatat hasil,docs/literature/search-strategy.md,Commit file strategi lengkap dengan tanggal pencarian,OPS-022;OPS-025,2h,Mengkritik kriteria inklusi/eksklusi yang ambigu,Dosen memeriksa strategi dapat diulang orang lain,Planned
OPS-027,S3,G3,Jalankan pencarian dan catat log pencarian,"Pencarian dijalankan di minimal dua basis data dengan log query, tanggal, jumlah hasil, dan hasil yang diambil.",docs/literature/search-strategy.md,"Jalankan tiap query; catat query, basis data, tanggal, jumlah hasil; simpan kandidat ke daftar screening",Log pencarian,docs/literature/search-log.csv berisi minimal 8 query,OPS-026,3h,-,Tim memeriksa log lengkap dan dapat diulang,Planned
OPS-028,S3,G3,Lakukan screening judul/abstrak menjadi 30-40 kandidat,Kandidat disaring berdasarkan kriteria inklusi/eksklusi sampai 30-40 sumber untuk dibaca lebih dalam.,Log pencarian; kriteria inklusi/eksklusi,Baca judul/abstrak; tandai include/exclude dengan alasan; catat di daftar screening,Daftar screening,docs/literature/screening.csv berisi keputusan + alasan per kandidat,OPS-027,3h,Membantu membaca abstrak cepat dan mengelompokkan; keputusan include/exclude oleh manusia,Tim memeriksa sampel 5 keputusan exclude tidak salah buang,Planned
OPS-029,S3,G3,Lakukan citation chaining pada 3-5 sumber kunci,Sumber kunci ditelusuri maju (yang mengutip) dan mundur (yang dikutip) agar tidak melewatkan karya penting.,Daftar screening; Semantic Scholar/Google Scholar cited-by,Pilih 3-5 sumber paling relevan; telusuri referensi dan cited-by; tambahkan kandidat baru ke screening,Kandidat tambahan dari chaining,docs/literature/search-log.csv bertambah entri sumber=chaining,OPS-028,2h,Merangkum kandidat dari daftar cited-by; tim memutuskan,Tim memastikan sumber kunci benar-benar sentral,Planned
OPS-030,S3,G3,Verifikasi tiap referensi (DOI/URL) dan buat references.bib,"Setiap sumber yang lolos screening diverifikasi ada secara nyata melalui DOI/URL, termasuk yang ditemukan lewat AI; entri BibTeX disimpan.",docs/literature/screening.csv; reference manager (Zotero atau setara),Cek tiap DOI/URL membuka artikel yang benar; hapus yang tidak dapat diverifikasi; ekspor references.bib; catat kolom verified=yes/no,references.bib terverifikasi,references.bib + kolom verified di screening.csv; entri AI Usage Log verifikasi sumber,OPS-028;OPS-029,2h,Membantu memformat BibTeX; tidak boleh dipakai untuk menghasilkan referensi,Tiap referensi dibuka manual oleh anggota tim; satu referensi palsu = gate gagal,Planned
OPS-031,S3,G3,Buka Issue type:literature-gap awal (hipotesis gap),Dugaan gap awal dicatat sebagai Issue agar dapat diuji terhadap synthesis matrix pada W5.,Hasil screening; Issue form Literature Gap,Tulis 1-3 dugaan gap dengan status 'belum diverifikasi'; tautkan ke Research ID,Issue type:literature-gap,Nomor Issue dicatat di docs/literature/search-strategy.md,OPS-021;OPS-028,0.5h,-,"Tim menandai gap sebagai dugaan, bukan temuan",Planned
OPS-032,S3,G3,Perbarui AI Usage Log dan jurnal mingguan W3,Penggunaan AI untuk pencarian literatur dicatat beserta bukti verifikasi sumber; refleksi ditulis.,docs/AI-USAGE.md; kegiatan minggu ini,Lengkapi entri log terutama verifikasi sumber; tulis jurnal W3,AI Usage Log W3 + jurnal,Commit docs/AI-USAGE.md dan docs/journal/w03.md,OPS-023;OPS-030,0.5h,-,Setiap anggota memverifikasi entri log miliknya,Planned
OPS-033,S4,G3,Ikuti sesi membaca kritis dan synthesis matrix,"Mahasiswa belajar membaca paper secara terstruktur (problem, metode, data, metrik, hasil, keterbatasan) dan mengapa matriks lebih kuat daripada ringkasan satu per satu.",Materi W4; MET-04 Literature Evidence Map; contoh synthesis matrix,Ikuti sesi; baca 1 paper bersama; isi baris matriks contoh; diskusikan relevansi,Baris matriks latihan,docs/journal/w04.md berisi baris matriks latihan,OPS-024,2h,Menjelaskan istilah teknis dalam paper; tidak meringkas paper menggantikan bacaan,Mahasiswa mengisi baris matriks dari bacaannya sendiri,Planned
OPS-034,S4,G3,Rancang kolom synthesis matrix,"Struktur matriks disepakati: sumber, tahun, problem, metode, data, metrik, hasil utama, keterbatasan, relevansi, catatan verifikasi.",OPS-03 G3; docs/problem.md,"Buat file matriks (CSV/Sheet); tambah kolom khusus sesuai masalah (mis. konteks Indonesia, ukuran data); sepakati skala relevansi",docs/literature/synthesis-matrix.csv (kosong berstruktur),Commit file dengan header kolom,OPS-033,1h,-,Dosen memeriksa kolom cukup untuk menemukan pola,Planned
OPS-035,S4,G3,Baca dan ekstrak 8-12 sumber prioritas ke matriks,Sumber dengan relevansi tertinggi dibaca penuh dan diekstrak ke synthesis matrix.,references.bib; screening.csv; docs/literature/synthesis-matrix.csv,Bagi sumber antar anggota; baca penuh; isi baris matriks; tandai kutipan penting dengan halaman,Matriks terisi 8-12 baris,Commit synthesis-matrix.csv; tiap baris memiliki kolom verified=yes,OPS-030;OPS-034,6h,Membantu menemukan bagian metode/hasil dalam PDF; ekstraksi akhir ditulis manusia,Anggota lain memeriksa acak 2 baris terhadap paper aslinya,Planned
OPS-036,S4,G3,Baca dan ekstrak 8-12 sumber berikutnya ke matriks,Matriks dilengkapi sampai mencapai 15-25 sumber primer yang benar-benar dibaca.,Sisa sumber dari screening; matriks,Lanjutkan pembacaan dan ekstraksi; catat sumber yang ternyata tidak relevan beserta alasannya,Matriks terisi 15-25 baris,Commit synthesis-matrix.csv dengan minimal 15 baris,OPS-035,6h,Membantu menemukan bagian metode/hasil dalam PDF; ekstraksi akhir ditulis manusia,Anggota lain memeriksa acak 2 baris terhadap paper aslinya,Planned
OPS-037,S4,G3,"Catat metrik, baseline, dan dataset yang lazim di literatur","Dari matriks, tim mengekstrak daftar metrik, baseline, dan dataset yang biasa dipakai agar desain riset nanti sebanding dengan literatur.",synthesis-matrix.csv,"Buat tabel ringkas: metrik (frekuensi), baseline umum, dataset publik + lisensi; tandai yang mungkin dipakai tim",docs/literature/common-metrics-baselines.md,Commit tabel dengan rujukan ke baris matriks,OPS-035,1.5h,Membantu mengelompokkan metrik; tim memverifikasi ke matriks,Tim memastikan tiap entri merujuk sumber yang dibaca,Planned
OPS-038,S4,G3,Jalankan pencarian pelengkap untuk sumber yang belum tercakup,"Celah cakupan (mis. konteks Indonesia, sumber terbaru) ditutup dengan pencarian tambahan yang dicatat di log.",Matriks; search-log.csv; search-strategy.md,Identifikasi tema yang minim sumber; jalankan query tambahan; screening; verifikasi DOI; tambahkan ke matriks,Sumber pelengkap terverifikasi,search-log.csv bertambah; references.bib diperbarui,OPS-030;OPS-036,2h,Mengusulkan query pelengkap; tim menjalankannya,Tiap sumber baru dibuka manual dan diverifikasi,Planned
OPS-039,S4,G3,Verifikasi ulang seluruh entri references.bib,"Sebelum sintesis, seluruh entri BibTeX dicek ulang: DOI valid, penulis/tahun cocok, tidak ada entri hasil halusinasi.",references.bib; synthesis-matrix.csv,Buka tiap DOI; cocokkan judul/penulis/tahun; perbaiki entri; catat hasil pemeriksaan di AI Usage Log bila sumber berasal dari AI,references.bib bersih,Commit references.bib; tabel pemeriksaan di docs/literature/verification.md,OPS-037;OPS-038,1.5h,-,Dua anggota berbeda memeriksa silang; satu entri tidak valid = gate gagal,Planned
OPS-040,S4,G3,"Nilai kualitas tiap sumber (venue, peer review, tahun, sitasi)","Setiap sumber di matriks diberi penilaian kualitas agar bobot bukti jelas: jurnal/konferensi bereputasi, peer-reviewed, kebaruan, dan jumlah sitasi.",synthesis-matrix.csv; kriteria kualitas sumber di search-strategy.md,"Tambah kolom quality (tinggi/sedang/rendah) + alasan; tandai sumber non-peer-reviewed (preprint, laporan) dan batasi perannya sebagai bukti pendukung",Kolom quality di synthesis matrix,synthesis-matrix.csv memiliki kolom quality terisi untuk semua baris,OPS-036,1.5h,Membantu menelusuri indeksasi venue; penilaian akhir oleh tim,Dosen memeriksa sampel penilaian kualitas,Planned
OPS-041,S4,G3,Perbarui AI Usage Log dan jurnal mingguan W4,Penggunaan AI untuk membaca dan mengekstrak dicatat; refleksi ditulis.,docs/AI-USAGE.md; kegiatan minggu ini,Lengkapi entri log; tulis jurnal W4: pola apa yang mulai terlihat,AI Usage Log W4 + jurnal,Commit docs/AI-USAGE.md dan docs/journal/w04.md,OPS-032;OPS-033,0.5h,-,Setiap anggota memverifikasi entri log miliknya,Planned
OPS-042,S5,G3,Ikuti sesi From Literature to Gap,"Mahasiswa belajar membedakan gap naratif ('belum ada di UAI') dengan gap yang dapat dipertahankan dari matriks: konsisten, bertentangan, belum diuji.",Materi W5; MET-04 Research Gap; OPS-03 G3/G4,Ikuti sesi; kerjakan latihan menemukan 3 jenis pola pada matriks contoh,Latihan pola matriks,docs/journal/w05.md berisi latihan,OPS-033,2h,Menguji dengan matriks contoh lain,Mahasiswa menjelaskan perbedaan gap naratif vs defensible,Planned
OPS-043,S5,G3,"Analisis pola matriks: konsisten, bertentangan, belum diuji","Matriks dianalisis lintas baris untuk menemukan apa yang konsisten, apa yang bertentangan, dan apa yang belum diuji.",synthesis-matrix.csv lengkap,Kelompokkan baris per tema/metode; tulis temuan pola dengan rujukan ID baris; tandai kontradiksi dan celah,Bagian Patterns di docs/literature-map.md,Setiap pola menunjuk minimal 2 baris matriks,OPS-036;OPS-039,3h,Membantu mengelompokkan baris dan mengusulkan pola; tim memverifikasi setiap pola ke baris matriks,"Dosen memeriksa pola bersumber dari matriks, bukan dari AI",Planned
OPS-044,S5,G3,Tulis Literature Evidence Map (docs/literature-map.md),"Dokumen naratif singkat yang merangkum lanskap bukti: apa yang sudah diketahui, oleh siapa, dengan data dan metrik apa, dan batasannya.",Pola matriks; synthesis-matrix.csv; references.bib,"Tulis 2-3 halaman: peta tema, ringkasan pola, tabel ringkas, batasan literatur; sitasi memakai kunci BibTeX",docs/literature-map.md,Commit docs/literature-map.md; semua sitasi ada di references.bib,OPS-043,3h,Mengkritik alur argumen dan mendeteksi klaim tanpa sitasi,Tim memastikan tiap kalimat klaim literatur bersitasi terverifikasi,Planned
OPS-045,S5,G3,Rumuskan kandidat research gap (2-3) dari pola,"Kandidat gap diturunkan langsung dari pola matriks dan dinyatakan dengan jenisnya (kontradiksi, belum diuji, konteks belum ada, metode belum dibandingkan).",docs/literature-map.md; Issue literature-gap awal,Tulis 2-3 kandidat gap; untuk tiap gap sebutkan baris matriks pendukung dan jenis gap; perbarui Issue literature-gap dari 'dugaan' ke 'kandidat',Kandidat gap dalam docs/literature-map.md bagian Gap Candidates,Issue literature-gap diperbarui; setiap gap menunjuk baris matriks,OPS-031;OPS-044,2h,Menantang apakah gap benar-benar belum dijawab literatur; tim memeriksa ulang ke matriks,Dosen menguji satu gap secara acak terhadap matriks,Planned
OPS-046,S5,G3,Uji kandidat gap terhadap kelayakan semester + TA,"Tiap kandidat gap dinilai dari akses data, kompleksitas metode, waktu, dan kompetensi tim; yang tidak layak diparkir ke backlog.",Kandidat gap; docs/endgame.md; daftar dataset umum (OPS-037),"Buat tabel kelayakan: data, metode, waktu, risiko; pilih 1 gap utama + 1 cadangan; parkir sisanya sebagai Issue backlog",Tabel kelayakan gap,docs/literature-map.md bagian Feasibility; Issue backlog untuk gap yang diparkir,OPS-045,1.5h,Membantu memperkirakan kompleksitas; keputusan oleh tim,Dosen menilai gap terpilih realistis,Planned
OPS-047,S5,G3,Siapkan PR GATE REVIEW: Evidence Ready (evidence-review.md),"Bukti G3 (search strategy, matriks 15-25 sumber, literature map, references.bib terverifikasi, AI Usage Log) diajukan dalam PR dari branch research/g3-evidence.",OPS-03 G3; .github/PULL_REQUEST_TEMPLATE/evidence-review.md; semua artefak literatur,Buat branch research/g3-evidence; isi template PR; minta review dosen + peer (+ mentor bila ada); tanggapi komentar; merge; buat release v0.2 Evidence Ready,PR GATE REVIEW: Evidence Ready,URL PR; release v0.2; label gate:G3-evidence,OPS-026;OPS-039;OPS-040;OPS-044;OPS-046,1.5h,-,Reviewer memeriksa matriks menunjukkan pola dan semua referensi terverifikasi,Planned
OPS-048,S5,G3,Presentasikan Literature Evidence Map di studio dan catat umpan balik,Tim memaparkan peta bukti dan kandidat gap dalam 5 menit di sesi studio; umpan balik dosen dan peer dicatat sebagai bahan revisi sebelum G4.,docs/literature-map.md; kandidat gap; tabel kelayakan,"Siapkan 3 slide (pola, gap, kelayakan); paparkan; catat pertanyaan dan keberatan; tentukan tindak lanjut",Catatan umpan balik studio,docs/reviews/w05-studio-feedback.md berisi umpan balik + tindak lanjut,OPS-044;OPS-046,1.5h,Membantu meringkas menjadi 3 slide; isi dari dokumen tim,Dosen memeriksa keberatan utama tercatat,Planned
OPS-049,S5,G3,Perbarui AI Usage Log dan jurnal mingguan W5,Penggunaan AI untuk sintesis dicatat dengan cara verifikasinya; refleksi ditulis.,docs/AI-USAGE.md; kegiatan minggu ini,Lengkapi entri log; tulis jurnal W5: gap mana yang paling meyakinkan dan mengapa,AI Usage Log W5 + jurnal,Commit docs/AI-USAGE.md dan docs/journal/w05.md,OPS-041;OPS-042,0.5h,-,Setiap anggota memverifikasi entri log miliknya,Planned
OPS-050,S6,G4,"Ikuti sesi RQ, Claim & Contribution","Mahasiswa belajar menulis RQ yang spesifik dan dapat dijawab, hipotesis yang dapat difalsifikasi, dan jenis kontribusi computing.",Materi W6; MET-04 RQ/Hypothesis dan Contribution; ARC-06 taksonomi output,Ikuti sesi; latihan mengubah 3 RQ lemah menjadi RQ terukur; identifikasi jenis kontribusi tiap contoh,Latihan RQ,docs/journal/w06.md berisi latihan,OPS-042,2h,Memberi contoh RQ lemah untuk diperbaiki,Mahasiswa menjelaskan mengapa RQ hasil perbaikan lebih dapat dijawab,Planned
OPS-051,S6,G4,Tulis Research Gap final dengan Gap-Claim-Evidence alignment,"Gap terpilih ditulis final: pernyataan gap, bukti matriks pendukung, dan klaim yang ingin diuji, dalam satu tabel alignment.",Gap terpilih (OPS-046); docs/literature-map.md; docs/endgame.md klaim awal,Tulis tabel Gap | Evidence (baris matriks) | Claim; revisi klaim awal agar sesuai bukti; tutup Issue literature-gap dengan rujukan,docs/research-question.md bagian Gap,Tabel alignment terisi; Issue literature-gap ditutup dengan tautan,OPS-046;OPS-047,2h,Menantang konsistensi antara gap dan klaim,Dosen memeriksa gap ditelusuri ke baris matriks tertentu,Planned
OPS-052,S6,G4,Rumuskan 1-3 RQ dan/atau hipotesis yang dapat difalsifikasi,"RQ ditulis spesifik, terukur, dan dapat dijawab dalam batas semester + TA; hipotesis (bila ada) menyebut arah dan pembanding.",docs/research-question.md bagian Gap; docs/problem.md,Tulis RQ utama + RQ turunan (maks 3); untuk tiap RQ tulis apa jawaban yang mungkin dan apa yang membuatnya salah; tandai hipotesis,RQ/hipotesis dalam docs/research-question.md,Tiap RQ menunjuk gap dan baris matriks,OPS-051,2h,Mengusulkan variasi rumusan RQ dan menguji keterjawaban; tim memilih,Dosen dan mentor memeriksa RQ spesifik dan dapat dijawab,Planned
OPS-053,S6,G4,Tulis Contribution Statement,"Jenis kontribusi (empiris, artefak, metode, dataset, replikasi, studi kasus) dinyatakan dengan alasan mengapa bermakna bagi stakeholder dan literatur.",RQ; docs/problem.md; ARC-06,Pilih jenis kontribusi; tulis 1 paragraf 'kontribusi ini bermakna karena ___'; hindari kata 'pertama di Indonesia' tanpa bukti,docs/research-question.md bagian Contribution,Commit; kontribusi konsisten dengan RQ dan endgame,OPS-052,1.5h,Mengkritik kontribusi yang melebihi RQ,Tim memastikan kontribusi tidak melebihi apa yang RQ dapat buktikan,Planned
OPS-054,S6,G4,Uji RQ dengan checklist keterjawaban dan falsifiabilitas,"Setiap RQ diuji: dapatkah dijawab dengan data yang ada, apakah ada hasil yang akan membatalkannya, apakah selaras dengan gap dan bukti.",docs/research-question.md; daftar dataset umum (OPS-037); AIX-01 falsification,"Isi checklist per RQ: data, metrik kandidat, hasil pembatal, waktu; revisi RQ yang gagal; catat perubahan",Checklist RQ terisi,docs/research-question.md bagian RQ Check; riwayat revisi di commit,OPS-052;OPS-053,1.5h,Berperan sebagai reviewer skeptis terhadap RQ,Tim menuliskan hasil yang akan membatalkan tiap RQ,Planned
OPS-055,S6,G4,Perbarui Research One-Pager ke v1 (problem-gap-RQ-contribution),"One-Pager v1 memuat problem, gap, RQ, dan contribution; method/data/baseline masih tentatif dan ditandai.",docs/one-pager.md v0; docs/research-question.md,"Isi bagian Gap, RQ, Contribution; perbarui Why; tandai Method/Data/Baseline/Metric sebagai tentatif menunggu G5",docs/one-pager.md v1,Commit dengan tag one-pager-v1,OPS-020;OPS-054,1h,Meringkas; tim mengedit dan memverifikasi,Tim memeriksa v1 konsisten dengan research-question.md,Planned
OPS-056,S6,G4,Buka Issue type:research-question,RQ resmi dicatat sebagai Issue Research Question terkait Research ID agar dapat dilacak sampai TA.,Form Issue Research Question; docs/research-question.md,"Isi form dengan RQ, hipotesis, gap pendukung, kontribusi; tautkan Issue problem dan literature-gap",Issue type:research-question,Nomor Issue dicatat di README riset dan one-pager,OPS-052;OPS-053,0.5h,-,Tim memeriksa RQ di Issue identik dengan dokumen,Planned
OPS-057,S6,G4,Siapkan PR GATE REVIEW: Question Ready,"Bukti G4 (research-question.md, one-pager v1, Issue RQ) diajukan dalam PR dari branch research/g4-question dengan template default.",OPS-03 G4; docs/research-question.md; docs/one-pager.md,Buat branch research/g4-question; buka PR; minta review dosen + mentor; tanggapi komentar; merge bila lulus; perbarui label gate:G4-question,PR GATE REVIEW: Question Ready,URL PR; label gate:G4-question; README riset bagian Current Research Gate,OPS-047;OPS-051;OPS-054;OPS-055;OPS-056,1h,-,Dosen + mentor memeriksa tiap RQ ditelusuri ke matriks,Planned
OPS-058,S6,G4,Perbarui AI Usage Log dan jurnal mingguan W6,Penggunaan AI dalam merumuskan RQ dicatat beserta keputusan yang diambil manusia; refleksi ditulis.,docs/AI-USAGE.md; kegiatan minggu ini,Lengkapi entri log; tulis jurnal W6: apa yang berubah dari klaim awal W1 ke RQ sekarang,AI Usage Log W6 + jurnal,Commit docs/AI-USAGE.md dan docs/journal/w06.md,OPS-049;OPS-050,0.5h,-,Setiap anggota memverifikasi entri log miliknya,Planned
OPS-059,S7,G5,Ikuti sesi Computing Research Methods Map dan validitas,"Mahasiswa mengenal peta metode computing (experiment, benchmarking, design science, empirical SE, ML research, simulation, survey, user study, case study, qualitative) serta variabel, kontrol, sampling, confounder, dan 4 jenis validitas.",Materi W7; MET-04 Research Design; TPL-08,Ikuti sesi; kerjakan latihan mencocokkan 5 RQ contoh dengan jenis metode dan ancaman validitasnya,Latihan metode-validitas,docs/journal/w07.md berisi latihan,OPS-050,2h,Menjelaskan perbedaan jenis metode dengan contoh,Mahasiswa memilih metode untuk RQ contoh dengan alasan,Planned
OPS-060,S7,G5,Pilih jenis metode dari Methods Map untuk tiap RQ,"Setiap RQ dipasangkan dengan jenis metode yang mampu menghasilkan bukti yang dibutuhkan, dengan alasan dan alternatif yang ditolak.",docs/research-question.md; common-metrics-baselines.md; metode yang lazim di matriks,Buat tabel RQ | bukti yang dibutuhkan | jenis metode | alternatif ditolak + alasan,Tabel pemilihan metode,docs/research-design.md bagian Method Selection,OPS-052;OPS-057;OPS-059,2h,Menawarkan alternatif metode dan kelemahannya; keputusan oleh tim,Mentor memeriksa metode mampu menjawab RQ,Planned
OPS-061,S7,G5,"Definisikan variabel, konstruk, kontrol, dan sampling","Variabel bebas/terikat atau konstruk, faktor yang dikontrol, unit analisis, dan strategi sampling ditetapkan agar desain dapat dieksekusi orang lain.",Tabel pemilihan metode; docs/research-question.md,Tulis daftar variabel/konstruk dengan definisi operasional; tentukan kontrol dan confounder yang diwaspadai; tentukan unit analisis dan sampling,Bagian Variables & Controls di docs/research-design.md,Commit; tiap variabel punya definisi operasional,OPS-060,2h,Mengusulkan confounder yang mungkin terlewat,Tim memverifikasi definisi operasional dapat diukur,Planned
OPS-062,S7,G5,"Tulis Dataset/Data Plan: sumber, akses, lisensi, privasi, ukuran","Rencana data menjelaskan dari mana bukti berasal, cara akses, lisensi, privasi, ukuran, representativitas, dan rencana split.",Daftar dataset umum (OPS-037); datasets-registry/REGISTRY.md; TPL-05,Pilih sumber data; cek lisensi dan izin; nilai representativitas terhadap populasi; rencanakan split train/val/test atau sampel; tulis batasan,docs/data-plan.md,Commit docs/data-plan.md; lisensi dan URL sumber tercantum,OPS-037;OPS-061,2.5h,Membantu menelusuri lisensi dataset; tim memverifikasi ke sumber asli,Tim memastikan data boleh dipakai dan tidak memuat data pribadi tanpa izin,Planned
OPS-063,S7,G5,Daftarkan dataset ke datasets-registry (dataset card),Dataset yang dipakai (baru atau turunan) dicatat sebagai metadata di datasets-registry memakai TPL-05; data mentah tidak masuk GitHub.,docs/data-plan.md; TPL-05 Dataset Registry Template; Issue form Dataset,"Isi dataset card: dataset, domain, URL/source, owner, license, size, modality, quality, privacy, possible RQs; buka Issue type:dataset; ajukan PR ke datasets-registry/datasets/",Dataset card + Issue type:dataset,PR ke datasets-registry; ID DS-YYYY-NNN diberikan pengelola,OPS-062,1.5h,Membantu merapikan metadata; nilai lisensi/privasi diverifikasi tim,Pengelola registry memeriksa privasi dan lisensi,Planned
OPS-064,S7,G5,Tetapkan baseline paling sederhana dan alasannya,Baseline yang paling sederhana namun masuk akal ditetapkan sebelum eksperimen; tanpa baseline angka metrik tidak bermakna.,common-metrics-baselines.md; docs/research-design.md,Pilih baseline trivial (mayoritas/rata-rata/heuristik) dan baseline literatur; tulis alasan; tentukan cara implementasinya,Bagian Baseline di docs/research-design.md,Commit; minimal 1 baseline trivial + 1 baseline literatur dengan sitasi,OPS-037;OPS-060,1.5h,Mengusulkan baseline sederhana; tim memilih,Mentor memeriksa baseline cukup sederhana dan adil,Planned
OPS-065,S7,G5,Pilih metrik yang selaras dengan RQ dan prosedur evaluasi anti-leakage,"Metrik utama dan sekunder ditetapkan selaras dengan RQ; prosedur evaluasi (split, cross-validation, seed) dirancang agar tidak bocor.",docs/research-question.md; common-metrics-baselines.md; MST-03 definisi leakage,"Pilih metrik utama + alasan; tentukan prosedur split/CV, seed, jumlah run; tulis daftar sumber leakage dan cara mencegahnya; kunci metrik sebelum melihat hasil",Bagian Metrics & Evaluation di docs/research-design.md,Commit sebelum eksperimen; metrik terkunci dicatat dengan tanggal,OPS-064,2h,Menjelaskan sifat metrik dan skenario leakage; tim memutuskan,Dosen memeriksa metrik selaras RQ dan prosedur mencegah leakage,Planned
OPS-066,S7,G5,Isi Research Design Card (TPL-08),Seluruh keputusan desain dirangkum dalam satu halaman Research Design Card.,TPL-08; docs/research-design.md; docs/data-plan.md,"Salin TPL-08 ke docs/design-card.md; isi semua field (metode, variabel, data, baseline, metrik, prosedur, threats awal); tautkan ke dokumen rinci",docs/design-card.md,Commit; tidak ada field kosong,OPS-061;OPS-062;OPS-064;OPS-065,1.5h,Merapikan bahasa; isi dari dokumen tim,Mentor memeriksa orang lain dapat menjalankan desain tanpa bertanya,Planned
OPS-067,S7,G5,Tulis Threats to Validity awal (4 jenis validitas),"Ancaman validitas awal ditulis sebelum eksperimen, beserta mitigasi yang direncanakan.",docs/design-card.md; AIX-01 falsification; contoh threats dari matriks,Tulis tabel Threat | Jenis | Dampak | Mitigasi | Status; minimal 2 ancaman per jenis,docs/research-design.md bagian Threats to Validity v0,Commit tabel threats v0,OPS-066,1.5h,Berperan sebagai red team mengusulkan ancaman; tim menilai relevansi,Tim memastikan tiap ancaman punya mitigasi atau dinyatakan diterima,Planned
OPS-068,S7,G5,Perbarui AI Usage Log dan jurnal mingguan W7,Penggunaan AI dalam merancang metode dicatat; refleksi ditulis.,docs/AI-USAGE.md; kegiatan minggu ini,Lengkapi entri log; tulis jurnal W7: keputusan desain mana yang paling berisiko,AI Usage Log W7 + jurnal,Commit docs/AI-USAGE.md dan docs/journal/w07.md,OPS-058;OPS-059,0.5h,-,Setiap anggota memverifikasi entri log miliknya,Planned
OPS-069,S8,G5,Ikuti sesi Measurement & Evaluation dan persiapan red team,"Mahasiswa memperdalam metric selection, benchmark, error analysis, statistical thinking, dan cara menerima red team review.",Materi W8; MET-06 5E Rubric; TPL-13,Ikuti sesi; kerjakan latihan membaca tabel hasil eksperimen contoh dan menemukan klaim yang tidak didukung,Latihan evaluasi,docs/journal/w08.md berisi latihan,OPS-059,2h,Membuat tabel hasil sintetis untuk latihan (ditandai sebagai latihan),Mahasiswa menemukan klaim tak didukung secara mandiri,Planned
OPS-070,S8,G5,Tulis Ethics & Privacy plan (docs/ethics.md),"Rencana etika dan privasi: data pribadi, persetujuan, bias, dampak pada stakeholder, dan batasan penggunaan AI.",MET-07 Integrity & Ethics; docs/data-plan.md; SECURITY.md,"Isi docs/ethics.md: jenis data, risiko privasi, persetujuan, anonimisasi, bias, dampak, kebutuhan review etik bila ada subjek manusia",docs/ethics.md,Commit docs/ethics.md; risiko privasi dan mitigasi tercantum,OPS-062,2h,Membantu menyusun checklist risiko; penilaian oleh tim,Dosen memeriksa tidak ada data pribadi yang masuk repo,Planned
OPS-071,S8,G5,Isi Experiment Card untuk pilot (TPL-09),"Pilot experiment dirancang dalam Experiment Card: hipotesis, baseline, variabel, dataset, metrik, kontrol, expected result, threats.",TPL-09; docs/design-card.md; docs/data-plan.md,Salin TPL-09 ke experiments/pilot-01/experiment-card.md; isi semua field; tulis expected result sebelum eksperimen; buka Issue type:experiment,experiments/pilot-01/experiment-card.md + Issue,Commit card; Issue type:experiment tertaut,OPS-064;OPS-065;OPS-066,1.5h,Mengkritik kelengkapan card,Mentor memeriksa expected result ditulis sebelum eksperimen,Planned
OPS-072,S8,G5,Susun slide Mid-semester Research Pitch (7-10 menit),"Pitch menyajikan problem, gap, RQ, desain, data, baseline, metrik, threats, dan permintaan umpan balik.",TPL-13 Research Defense Template; docs/one-pager.md v1; docs/design-card.md,Buat maksimal 10 slide mengikuti struktur TPL-13; sertakan pertanyaan yang ingin dijawab red team; latih 1 kali dengan timer,presentation/midterm-pitch.pdf,Commit slide; durasi latihan tercatat,OPS-066;OPS-071,3h,Membantu merapikan alur slide; klaim dan angka dari dokumen tim,Tim memastikan tiap slide bersumber dari artefak repo,Planned
OPS-073,S8,G5,Lakukan Red Team Review terhadap desain tim lain,Tim berperan sebagai red team bagi tim lain: mencari cara desain mereka gagal menjawab RQ.,Design card tim lain; TPL-12 Peer Review Template; OPS-03 G5,"Baca design card tim lain; tulis minimal 5 serangan (validitas, leakage, baseline, data, etika) dengan saran perbaikan; sampaikan saat sesi",Red team memo untuk tim lain,File review terkirim ke repo tim lain (Issue atau PR comment),OPS-069,2h,Mengusulkan sudut serangan tambahan; tim memilih yang relevan,"Dosen memeriksa serangan spesifik, bukan generik",Planned
OPS-074,S8,G5,Presentasikan pitch dan terima Red Team Review,"Tim mempresentasikan desain di depan dosen, mentor, dan red team; semua serangan dicatat tanpa defensif.",presentation/midterm-pitch.pdf; red team dari tim lain,Presentasi 7-10 menit; tanya jawab; catat setiap serangan dan pertanyaan ke notulen; tentukan tindak lanjut per item,Notulen red team,docs/reviews/midterm-red-team.md berisi daftar serangan + tindak lanjut,OPS-072;OPS-073,2h,-,Dosen memverifikasi notulen memuat semua serangan penting,Planned
OPS-075,S8,G5,Revisi Research Design berdasarkan red team,"Design card, experiment card, threats to validity, dan data plan direvisi sesuai serangan yang valid; serangan yang ditolak dijelaskan alasannya.",docs/reviews/midterm-red-team.md; semua dokumen desain,Untuk tiap item: terima/tolak + alasan; perbarui dokumen; catat perubahan di CHANGELOG riset,Desain revisi,Commit revisi; tabel tindak lanjut di midterm-red-team.md berstatus selesai,OPS-074,2h,Membantu menilai konsekuensi tiap perubahan,Mentor memeriksa revisi menjawab serangan valid,Planned
OPS-076,S8,G5,Siapkan PR GATE REVIEW: Method Ready (method-review.md),"Bukti G5 (research-design.md, design card, experiment card, data plan, ethics.md, slide pitch, notulen red team) diajukan dalam PR dari branch research/g5-method.",OPS-03 G5; .github/PULL_REQUEST_TEMPLATE/method-review.md; semua artefak desain,Buat branch research/g5-method; isi template PR; minta review dosen + mentor; tanggapi; merge; buat release v0.3 Research Design,PR GATE REVIEW: Method Ready,URL PR; release v0.3; label gate:G5-method,OPS-063;OPS-067;OPS-070;OPS-075,1.5h,-,Reviewer memeriksa metrik dan baseline sudah ditetapkan sebelum eksperimen,Planned
OPS-077,S8,G5,Perbarui AI Usage Log dan jurnal mingguan W8,Penggunaan AI dalam menyiapkan pitch dan red team dicatat; refleksi ditulis.,docs/AI-USAGE.md; kegiatan minggu ini,Lengkapi entri log; tulis jurnal W8: serangan mana yang paling mengubah desain,AI Usage Log W8 + jurnal,Commit docs/AI-USAGE.md dan docs/journal/w08.md,OPS-068;OPS-069,0.5h,-,Setiap anggota memverifikasi entri log miliknya,Planned
OPS-078,S9,G6,"Ikuti sesi Data, Experiments & Reproducibility","Mahasiswa belajar reproducibility package: kode, konfigurasi, seed, environment, langkah eksekusi, log; serta artifact badging ACM sebagai norma.",Materi W9; MST-03 reproducibility package; TPL-15,Ikuti sesi; coba mereproduksi notebook contoh dari environment bersih; catat kegagalan,Catatan reproduksi latihan,docs/journal/w09.md berisi catatan,OPS-069,2h,Membantu mendiagnosis error environment,Mahasiswa menjalankan sendiri di environment bersih,Planned
OPS-079,S9,G6,"Siapkan environment dan seed (requirements/environment, config)",Environment terkunci versi dan konfigurasi eksperimen terpusat agar hasil dapat diulang.,Repo riset; docs/design-card.md; experiment card,"Buat requirements.txt atau environment.yml dengan versi terkunci; buat experiments/pilot-01/config.yaml (seed, split, hyperparameter); tulis fungsi set_seed",File environment + config,Commit requirements/environment dan config; seed tercantum,OPS-071;OPS-078,2h,Membantu menulis boilerplate config dan set_seed; diuji tim,Tim menguji instalasi dari nol berhasil,Planned
OPS-080,S9,G6,"Bangun pipeline data: loading, cleaning, split anti-leakage","Data dimuat, dibersihkan, dan dipisah sesuai prosedur evaluasi terkunci; data mentah tetap di luar GitHub.",docs/data-plan.md; config; data di penyimpanan resmi,"Tulis src/data.py: load, clean, split dengan seed; simpan hanya metadata/sampel kecil di data/README.md; tulis tes sederhana tidak ada overlap train/test",src/data.py + data/README.md,Commit kode; tes anti-leakage lulus; .gitignore mengecualikan data mentah,OPS-079,4h,Membantu menulis kode dan tes; hasil tes dijalankan tim,Tim memverifikasi tidak ada overlap train/test dan tidak ada data pribadi di repo,Planned
OPS-081,S9,G6,Implementasikan baseline dan evaluasi metrik terkunci,Baseline trivial dan baseline literatur diimplementasikan; fungsi evaluasi memakai metrik yang dikunci di G5.,docs/research-design.md bagian Baseline & Metrics; src/data.py,Tulis src/baseline.py dan src/evaluate.py; jalankan baseline pada subset; simpan hasil ke results/pilot-01/baseline.json,Kode baseline + hasil awal,Commit kode; results/pilot-01/baseline.json dengan seed dan tanggal,OPS-064;OPS-065;OPS-080,4h,Membantu menulis kode dan debugging; angka dijalankan dan diperiksa tim,Tim memeriksa metrik di kode identik dengan metrik terkunci,Planned
OPS-082,S9,G6,Implementasikan metode utama / artefak yang diuji,Metode atau artefak yang menjadi subjek RQ diimplementasikan dalam bentuk yang dapat dijalankan dari config.,docs/design-card.md; experiment card; src/,Tulis src/method.py (atau modul artefak); pastikan berjalan dari config dan seed; uji pada sampel kecil,src/method.py,Commit kode; smoke test berjalan pada subset,OPS-079;OPS-080,6h,Membantu implementasi dan debugging sesuai AI Research Protocol; setiap potongan dicatat di AI Usage Log,Tim membaca dan memahami setiap fungsi yang dibantu AI,Planned
OPS-083,S9,G6,Buat skrip run.sh/Makefile dan logging eksperimen,Satu perintah menjalankan pipeline penuh dan menulis log serta hasil ke results/ dengan penamaan konsisten.,src/; config,Tulis run.sh atau Makefile target pilot; tulis log ke experiments/pilot-01/logs/; simpan hasil sebagai JSON/CSV dengan timestamp dan git hash,run.sh/Makefile + logging,Commit; menjalankan perintah menghasilkan results/ dan logs/,OPS-081;OPS-082,2h,Membantu menulis skrip; diuji tim,Tim memastikan hasil memuat git hash dan seed,Planned
OPS-084,S9,G6,Tulis experiments/README.md (reproducibility README v0),"README menjelaskan cara menjalankan pilot dari nol: instalasi, data, perintah, output yang diharapkan, waktu berjalan.",run.sh; config; data/README.md,Tulis langkah 1-2-3 instalasi dan eksekusi; sebutkan output yang diharapkan; sebutkan keterbatasan,experiments/README.md v0,Commit README; langkah dapat diikuti orang lain,OPS-083,1.5h,Merapikan format README,Anggota lain mengikuti README tanpa bertanya,Planned
OPS-085,S9,G6,Perbarui AI Usage Log untuk kode yang dibantu AI dan jurnal W9,"Setiap potongan kode yang dibantu AI dicatat: tujuan, bagian yang dipakai, cara verifikasi (tes/pembacaan); refleksi ditulis.",docs/AI-USAGE.md; commit minggu ini,Lengkapi entri log per modul; tandai kode yang diambil utuh vs diadaptasi; tulis jurnal W9,AI Usage Log W9 + jurnal,Commit docs/AI-USAGE.md; entri merujuk file/commit,OPS-077;OPS-082,1h,-,Setiap anggota memverifikasi entri log miliknya,Planned
OPS-086,S9,G6,Lakukan code review internal dan checklist kualitas kode,"Anggota tim saling mereview kode: keterbacaan, seed, tidak ada hardcode path, tidak ada data pribadi, tes lulus.",src/; PR internal,Buka PR internal exp/pilot-01; reviewer memeriksa checklist; perbaiki; merge,PR internal termerge,URL PR internal dengan komentar review,OPS-083;OPS-084,1.5h,Membantu menjelaskan potongan kode saat review,Reviewer manusia menyetujui PR,Planned
OPS-087,S10,G6,Ikuti sesi Pilot Study / Minimum Viable Experiment,"Mahasiswa memahami tujuan pilot: menguji viabilitas desain, bukan mengejar angka terbaik; serta cara membaca hasil awal.",Materi W10; experiment card,Ikuti sesi; tinjau expected result di experiment card; tulis apa yang akan dianggap pilot 'berhasil' dan 'gagal',Kriteria keberhasilan pilot,experiments/pilot-01/experiment-card.md bagian Success Criteria,OPS-071;OPS-078,1.5h,-,Mentor memeriksa kriteria ditulis sebelum menjalankan pilot,Planned
OPS-088,S10,G6,Jalankan pilot end-to-end: baseline + minimal satu metode pembanding,Pilot dijalankan penuh pada subset data dengan seed tetap; baseline dan metode utama menghasilkan angka pada metrik terkunci.,run.sh; config; src/,Jalankan pilot dengan minimal 3 seed; simpan hasil per run di results/pilot-01/; catat waktu dan resource,Hasil pilot,"results/pilot-01/*.json dengan seed, git hash, timestamp",OPS-076;OPS-081;OPS-082;OPS-083;OPS-086,4h,Membantu mendiagnosis error saat berjalan,Tim memeriksa hasil berasal dari kode yang ter-commit,Planned
OPS-089,S10,G6,Buat tabel hasil pilot dan figur awal,Hasil pilot dirangkum dalam tabel (mean +/- std antar seed) dan 1-2 figur awal dengan baseline terlihat.,results/pilot-01/,Tulis notebooks/pilot-results.ipynb atau src/report.py; hasilkan tabel dan figur ke figures/pilot-01/; sertakan baseline pada setiap figur,Tabel + figur pilot,results/pilot-01/summary.md dan figures/pilot-01/*.png,OPS-088,2h,Membantu kode plotting; tim memeriksa skala dan label,Tim memastikan baseline terlihat dan sumbu tidak menyesatkan,Planned
OPS-090,S10,G6,Lakukan sanity check dan uji leakage pada hasil pilot,"Hasil pilot diperiksa: apakah terlalu bagus untuk benar, apakah split bocor, apakah metrik dihitung benar.",results/pilot-01/; src/evaluate.py; docs/research-design.md,Jalankan checklist: hasil pada data acak (label shuffle) harus jatuh ke chance; cek overlap; cek metrik dengan perhitungan manual pada sampel kecil,Catatan sanity check,results/pilot-01/sanity-check.md dengan hasil tiap pemeriksaan,OPS-088,2h,Mengusulkan pemeriksaan tambahan,Tim menuliskan bukti tiap pemeriksaan lulus atau gagal,Planned
OPS-091,S10,G6,Minta peer mereproduksi hasil baseline dari repositori,"Anggota tim lain atau peer dari tim lain mereproduksi angka baseline hanya dari README dan repo, tanpa bertanya ke tim.",experiments/README.md; repo; peer reproducer,"Serahkan URL repo ke peer; peer menjalankan dari environment bersih; peer mencatat angka, waktu, kendala; bandingkan dengan results/",Catatan reproduksi peer,docs/reviews/reproduction-pilot-01.md ditandatangani peer dengan angka yang diperoleh,OPS-085;OPS-088,2h,-,Peer reproducer mengonfirmasi angka baseline cocok dalam toleransi,Planned
OPS-092,S10,G6,Perbaiki reproducibility README dan kode berdasarkan kendala peer,"Kendala reproduksi (langkah hilang, versi, path) diperbaiki sampai reproduksi berjalan mulus.",docs/reviews/reproduction-pilot-01.md,Perbaiki README/skrip; minta peer mengulang bila ada kegagalan; perbarui experiments/README.md ke v1,experiments/README.md v1,Commit perbaikan; catatan peer berstatus berhasil,OPS-091,1.5h,Membantu memperjelas instruksi,Peer mengonfirmasi reproduksi berhasil setelah perbaikan,Planned
OPS-093,S10,G6,Perbarui Experiment Card dengan hasil aktual dan catatan pilot,"Experiment card dilengkapi hasil aktual vs expected, penyimpangan, dan keputusan: lanjut, ubah desain, atau ubah skala.",experiment card; results/pilot-01/summary.md; sanity check,"Isi bagian Actual Result, Deviations, Decision; perbarui Issue type:experiment; catat perubahan desain bila ada",Experiment card terisi penuh,Commit card; Issue experiment diperbarui,OPS-089;OPS-090,1h,-,Mentor memeriksa keputusan lanjut/ubah masuk akal,Planned
OPS-094,S10,G6,Siapkan PR GATE REVIEW: Experiment Ready (experiment-review.md),"Bukti G6 (commit eksperimen, experiments/README, hasil pilot, catatan reproduksi peer, AI Usage Log kode) diajukan dalam PR dari branch research/g6-experiment.",OPS-03 G6; .github/PULL_REQUEST_TEMPLATE/experiment-review.md; semua artefak eksperimen,Buat branch research/g6-experiment; isi template PR; minta review dosen + peer reproducer; tanggapi; merge; buat release v0.5 Pilot Experiment,PR GATE REVIEW: Experiment Ready,URL PR; release v0.5; label gate:G6-experiment,OPS-085;OPS-089;OPS-091;OPS-092;OPS-093,1.5h,-,Reviewer memeriksa peer dapat mereproduksi angka baseline dari repositori,Planned
OPS-095,S10,G6,Perbarui AI Usage Log dan jurnal mingguan W10,Penggunaan AI selama pilot dicatat; refleksi ditulis.,docs/AI-USAGE.md; kegiatan minggu ini,Lengkapi entri log; tulis jurnal W10: apa yang mengejutkan dari hasil pilot,AI Usage Log W10 + jurnal,Commit docs/AI-USAGE.md dan docs/journal/w10.md,OPS-085;OPS-087,0.5h,-,Setiap anggota memverifikasi entri log miliknya,Planned
OPS-096,S11,G7,Ikuti sesi Analyzing & Visualizing Evidence,"Mahasiswa belajar error analysis, membaca variansi antar seed/fold, interval bila relevan, dan visualisasi jujur (skala, baseline terlihat, tanpa cherry-picking).",Materi W11; MET-04 Results & Validity; hasil pilot,Ikuti sesi; kerjakan latihan menemukan visualisasi menyesatkan pada contoh dan memperbaikinya,Latihan visualisasi,docs/journal/w11.md berisi latihan,OPS-087,2h,Membuat contoh figur menyesatkan untuk latihan (ditandai latihan),Mahasiswa memperbaiki figur secara mandiri,Planned
OPS-097,S11,G7,Jalankan eksperimen utama pada skala penuh sesuai desain,"Setelah pilot viabel, eksperimen dijalankan pada skala yang direncanakan dengan seed/fold sesuai prosedur evaluasi terkunci.",experiment card (keputusan lanjut); run.sh; config,"Perbarui config untuk skala penuh; jalankan semua kondisi (baseline, metode) x seed; simpan hasil ke results/main/",Hasil eksperimen utama,"results/main/*.json dengan seed, git hash, timestamp",OPS-088;OPS-093;OPS-094,6h,Membantu mendiagnosis error; tidak mengubah metrik atau prosedur,Tim memastikan metrik dan prosedur identik dengan yang dikunci di G5,Planned
OPS-098,S11,G7,Hitung ringkasan statistik dan ketidakpastian antar seed/fold,"Hasil dirangkum sebagai mean, std/interval antar seed/fold; perbandingan terhadap baseline dilaporkan dengan ketidakpastiannya.",results/main/,"Tulis src/analysis.py: agregasi per kondisi; hitung mean, std, interval bila relevan; uji statistik sederhana bila desain menuntut; simpan results/main/summary.csv",results/main/summary.csv,Commit skrip dan tabel; angka dapat direproduksi dari results/main/,OPS-097,3h,Menjelaskan pilihan uji statistik dan asumsinya; tim memilih dan memverifikasi,"Dosen memeriksa ketidakpastian dilaporkan, bukan hanya angka terbaik",Planned
OPS-099,S11,G7,Lakukan error analysis pada kasus gagal,Kasus salah/gagal dianalisis secara kualitatif dan kuantitatif untuk memahami kapan dan mengapa metode gagal.,results/main/; prediksi per sampel,Ambil sampel kesalahan; kelompokkan jenis kesalahan; hitung distribusi per kelompok; tulis temuan dan implikasinya,results/analysis.md bagian Error Analysis,Tabel jenis kesalahan + contoh ter-anonimisasi,OPS-098,3h,Membantu mengelompokkan kesalahan; label akhir oleh manusia,Tim memeriksa contoh kesalahan tidak memuat data pribadi,Planned
OPS-100,S11,G7,Buat visualisasi bukti yang jujur (figur final),"Figur final menampilkan perbandingan terhadap baseline dengan skala jujur, error bar, dan tanpa cherry-picking kondisi.",results/main/summary.csv; error analysis,Buat figur utama (perbandingan kondisi) dan figur pendukung; sumbu mulai dari nol bila relevan; error bar; caption menyebut n seed; simpan ke figures/main/,figures/main/*.png + caption,Commit figur dan skrip pembuatnya; setiap figur dapat direproduksi dari results/,OPS-098;OPS-099,2h,Membantu kode plotting; tim memeriksa kejujuran visual,Peer memeriksa figur tidak menyesatkan,Planned
OPS-101,S11,G7,Bandingkan hasil dengan literatur di synthesis matrix,"Hasil diposisikan terhadap angka dan pola dari literatur: sejalan, berbeda, atau tidak sebanding, dengan alasan.",results/main/summary.csv; synthesis-matrix.csv,"Tulis tabel hasil kami vs literatur (dataset, metrik, angka); jelaskan perbedaan setting; hindari klaim 'lebih baik' bila tidak sebanding",results/analysis.md bagian Comparison with Literature,Tabel perbandingan merujuk baris matriks,OPS-036;OPS-098,2h,Membantu menyusun tabel; angka literatur diverifikasi ke matriks,Tim memastikan perbandingan apple-to-apple atau dinyatakan tidak sebanding,Planned
OPS-102,S11,G7,Tulis draft results/analysis.md,"Dokumen analisis menggabungkan ringkasan hasil, ketidakpastian, error analysis, perbandingan literatur, dan temuan negatif.",results/main/summary.csv; error analysis; figur; perbandingan literatur,"Tulis results/analysis.md: setup, hasil per RQ, error analysis, perbandingan, temuan negatif, hal yang belum dijelaskan",results/analysis.md v0,Commit; tiap angka merujuk file di results/,OPS-099;OPS-100;OPS-101,3h,Mengkritik kejelasan dan mendeteksi klaim tanpa rujukan tabel,Dosen memeriksa hasil negatif dilaporkan,Planned
OPS-103,S11,G7,Perbarui AI Usage Log dan jurnal mingguan W11,Penggunaan AI dalam analisis dicatat; refleksi ditulis.,docs/AI-USAGE.md; kegiatan minggu ini,Lengkapi entri log; tulis jurnal W11: apa yang bukti dukung dan tidak dukung,AI Usage Log W11 + jurnal,Commit docs/AI-USAGE.md dan docs/journal/w11.md,OPS-095;OPS-096,0.5h,-,Setiap anggota memverifikasi entri log miliknya,Planned
OPS-104,S11,G7,"Arsipkan hasil, log, dan konfigurasi eksperimen utama","Semua hasil, log, config, dan git hash eksperimen utama diarsipkan agar dapat ditelusuri dari tabel ke run.",results/main/; experiments/main/logs/,"Buat experiments/main/README.md berisi daftar run (config, seed, git hash, file hasil); pastikan .gitignore hanya mengecualikan data mentah",experiments/main/README.md,Commit; setiap baris summary.csv dapat ditelusuri ke run,OPS-097;OPS-098,1h,-,Tim memeriksa tautan tabel ke run lengkap,Planned
OPS-105,S12,G7,Ikuti sesi Scientific Argumentation (Claim-Evidence-Reasoning),"Mahasiswa belajar menyusun argumen ilmiah: klaim, bukti, penalaran; serta jebakan klaim kausal dari korelasi dan improvement tanpa baseline.",Materi W12; MST-03 CER; OPS-03 G7,"Ikuti sesi; kerjakan latihan menilai 5 klaim contoh: didukung, berlebihan, atau tidak didukung",Latihan CER,docs/journal/w12.md berisi latihan,OPS-096,2h,Memberi contoh klaim untuk dinilai,Mahasiswa menilai klaim secara mandiri,Planned
OPS-106,S12,G7,Susun tabel Claim-Evidence-Reasoning untuk setiap RQ,Setiap RQ dijawab dengan klaim eksplisit yang menunjuk tabel/figur tertentu dan penalaran yang menghubungkannya; hasil negatif dilaporkan.,results/analysis.md; figures/main/; docs/research-question.md,Buat tabel RQ | Claim | Evidence (tabel/figur + angka) | Reasoning | Confidence; sertakan klaim negatif/null,results/analysis.md bagian CER Table,Setiap klaim menunjuk file/figur tertentu,OPS-102;OPS-105,2.5h,Berperan sebagai reviewer yang menantang setiap klaim,Dosen + mentor memeriksa tidak ada klaim kausal dari korelasi,Planned
OPS-107,S12,G7,Perbarui Threats to Validity berdasarkan hasil aktual,"Ancaman validitas v1 (ditulis pra-eksperimen di G5) direvisi berdasarkan apa yang benar-benar terjadi: ancaman baru, mitigasi yang berhasil/gagal, batasan yang diterima.",docs/research-design.md Threats v1; results/analysis.md; sanity check,Tinjau tiap ancaman v1; tambah ancaman yang muncul saat eksperimen; nyatakan dampaknya pada klaim; tulis versi v2 di results/analysis.md,Threats to Validity v2,results/analysis.md bagian Threats v2 dengan kolom perubahan dari v1,OPS-067;OPS-106,2h,Mengusulkan ancaman yang terlewat,Tim memastikan tiap ancaman dikaitkan dengan klaim yang terdampak,Planned
OPS-108,S12,G7,Revisi Contribution Statement agar tidak melebihi bukti,"Pernyataan kontribusi disesuaikan dengan bukti: apa yang benar-benar dibuktikan, batas generalisasi, dan apa yang belum.",docs/research-question.md Contribution; CER table; threats v1,Bandingkan kontribusi awal dengan CER; turunkan/naikkan klaim sesuai bukti; tulis batas generalisasi,Contribution Statement v2,Commit; perubahan dari v1 dijelaskan,OPS-106;OPS-107,1h,Mengkritik kontribusi yang berlebihan,Mentor memeriksa kontribusi tidak melebihi bukti,Planned
OPS-109,S12,G7,Tulis bagian Limitations dan Future Work,Keterbatasan riset dan langkah lanjutan untuk TA ditulis jujur berdasarkan threats v2 dan error analysis.,Threats v2; error analysis; docs/endgame.md,Tulis daftar keterbatasan dengan dampaknya; tulis 3-5 langkah lanjutan yang konkret untuk TA,results/analysis.md bagian Limitations & Future Work,Commit; tiap future work terkait keterbatasan tertentu,OPS-107;OPS-108,1.5h,Membantu merapikan; isi dari tim,Tim memastikan keterbatasan tidak disembunyikan,Planned
OPS-110,S12,G7,Perbarui Research One-Pager ke v2 (hasil dan klaim),"One-Pager v2 memuat hasil utama, klaim, keterbatasan, dan kontribusi final dalam satu halaman.",docs/one-pager.md v1; CER table; contribution v2,"Isi bagian Results, Claim, Limitations; perbarui Method/Data/Baseline/Metric dengan yang aktual",docs/one-pager.md v2,Commit dengan tag one-pager-v2,OPS-056;OPS-106;OPS-108,1h,Meringkas; tim memverifikasi angka,Tim memeriksa setiap angka di One-Pager cocok dengan summary.csv,Planned
OPS-111,S12,G7,Siapkan PR GATE REVIEW: Claim Ready,"Bukti G7 (results/analysis.md, figur final, tabel CER, threats v2, contribution v2) diajukan dalam PR dari branch research/g7-claim dengan template default.",OPS-03 G7; semua artefak analisis,Buat branch research/g7-claim; buka PR; minta review dosen + mentor; tanggapi; merge; perbarui label gate:G7-claim,PR GATE REVIEW: Claim Ready,URL PR; label gate:G7-claim,OPS-100;OPS-104;OPS-106;OPS-107;OPS-108;OPS-110,1.5h,-,Reviewer memeriksa setiap klaim menunjuk tabel/figur tertentu,Planned
OPS-112,S12,G7,Perbarui AI Usage Log dan jurnal mingguan W12,Penggunaan AI dalam argumentasi dicatat; refleksi ditulis.,docs/AI-USAGE.md; kegiatan minggu ini,Lengkapi entri log; tulis jurnal W12: klaim mana yang harus diturunkan dan mengapa,AI Usage Log W12 + jurnal,Commit docs/AI-USAGE.md dan docs/journal/w12.md,OPS-103;OPS-105,0.5h,-,Setiap anggota memverifikasi entri log miliknya,Planned
OPS-113,S13,G8,Ikuti sesi Scientific Writing dan struktur proposal/manuscript,"Mahasiswa belajar struktur IMRaD, penulisan berbasis CER, sitasi yang benar, dan perbedaan Proposal TA dengan manuscript.",Materi W13; MET-05 Publication Backward Design; format Proposal TA prodi,Ikuti sesi; pilih format target (Proposal TA wajib; manuscript bila endgame paper); buat outline dengan peta bagian ke artefak repo,Outline proposal/manuscript,paper/outline.md memetakan tiap bagian ke file bukti,OPS-105,2h,Membantu menyusun outline dari artefak yang ada,Dosen memeriksa outline mencakup semua komponen Research Pack,Planned
OPS-114,S13,G8,Tulis Pendahuluan dan Tinjauan Pustaka dari artefak G2-G3,Bagian pendahuluan dan tinjauan pustaka disusun ulang dari docs/problem.md dan docs/literature-map.md dengan sitasi terverifikasi.,docs/problem.md; docs/literature-map.md; references.bib,Tulis paper/proposal.md bagian 1-2; setiap klaim literatur memakai kunci BibTeX; jangan menambah sitasi baru tanpa verifikasi,Bagian 1-2 proposal,Commit; semua sitasi ada di references.bib terverifikasi,OPS-044;OPS-113,4h,Membantu memperbaiki alur kalimat; tidak menghasilkan sitasi; setiap bantuan dicatat,Tim memeriksa tiap sitasi dibaca dan terverifikasi,Planned
OPS-115,S13,G8,Tulis Metode dari Research Design Card dan Data Plan,"Bagian metode ditulis agar orang lain dapat mengulang: desain, data, baseline, metrik, prosedur evaluasi, dan penggunaan AI yang memengaruhi metode.",docs/design-card.md; docs/data-plan.md; docs/research-design.md,Tulis bagian Metode; sertakan pengungkapan AI dalam metode bila AI memengaruhi desain/kode/analisis; rujuk experiments/README.md,Bagian Metode,Commit; bagian AI disclosure dalam metode ada,OPS-066;OPS-113,3h,Membantu merapikan; isi dari dokumen tim,Mentor memeriksa metode cukup rinci untuk direplikasi,Planned
OPS-116,S13,G8,Tulis Hasil dan Pembahasan dari analysis.md dan tabel CER,Bagian hasil melaporkan angka dengan ketidakpastian dan figur jujur; pembahasan mengikuti CER dan threats v1.,results/analysis.md; CER table; figures/main/; threats v1,"Tulis bagian Hasil (tabel/figur dari results/) dan Pembahasan (CER, perbandingan literatur, threats, limitations)",Bagian Hasil & Pembahasan,Commit; setiap angka dapat ditelusuri ke results/main/summary.csv,OPS-106;OPS-107;OPS-111;OPS-113,4h,Membantu alur kalimat; angka dan klaim dari CER table,Dosen memeriksa tidak ada klaim baru yang tidak ada di CER table,Planned
OPS-117,S13,G8,Tulis Rencana TA (timeline semester VIII) dan target output,"Proposal TA memuat rencana kerja semester VIII yang menyambung dari pilot: eksperimen lanjutan, data tambahan, milestone, risiko.",Limitations & Future Work; docs/endgame.md,"Tulis bagian Rencana TA: tujuan, tahapan, timeline mingguan, risiko dan mitigasi, target output",Bagian Rencana TA,Commit; timeline memuat milestone terukur,OPS-109;OPS-113,2h,Membantu menyusun timeline; keputusan oleh tim,Mentor memeriksa rencana realistis untuk 1 semester,Planned
OPS-118,S13,G8,Tulis AI Usage Statement dari AI Usage Log,"Pernyataan penggunaan AI yang ringkas dan jujur disusun dari seluruh AI Usage Log, membedakan bantuan penulisan dengan AI yang memengaruhi kesimpulan.",docs/AI-USAGE.md; AIX-04; kebijakan pengungkapan AI (MET-07),Rangkum log per tahap; tulis paper/AI-USAGE-STATEMENT.md dan bagian singkat di proposal; sebutkan verifikasi yang dilakukan,AI Usage Statement,Commit; statement konsisten dengan log,OPS-112,1.5h,-,Dosen membandingkan statement dengan log secara acak,Planned
OPS-119,S13,G8,Rakit draft Research Pack v0.8 dan periksa kelengkapan MET-04,Semua komponen Research Pack dikumpulkan dan diperiksa terhadap spesifikasi MET-04; komponen kosong ditandai.,MET-04 Research Pack Specification; seluruh repo,Buat docs/research-pack.md berisi daftar 16 komponen dengan tautan ke file; tandai lengkap/parsial/kosong; rencanakan penutupan celah,docs/research-pack.md (indeks),Commit indeks; tidak ada komponen kosong tanpa rencana,OPS-111;OPS-114;OPS-115;OPS-116;OPS-117;OPS-118,1.5h,-,Dosen memeriksa indeks terhadap MET-04,Planned
OPS-120,S13,G8,Buat release v0.8 Manuscript Draft,Draft proposal/manuscript lengkap dirilis sebagai milestone v0.8 sebelum peer review.,paper/proposal.md lengkap; docs/research-pack.md,Ekspor proposal ke PDF di paper/; buat tag dan release v0.8 dengan catatan perubahan; perbarui README riset,Release v0.8,Tag/release v0.8 di repo; paper/proposal-v0.8.pdf,OPS-119,1h,-,Tim memeriksa PDF identik dengan sumber markdown,Planned
OPS-121,S13,G8,Perbarui AI Usage Log dan jurnal mingguan W13,Penggunaan AI dalam penulisan dicatat secara rinci; refleksi ditulis.,docs/AI-USAGE.md; kegiatan minggu ini,Lengkapi entri log per bagian tulisan; tulis jurnal W13,AI Usage Log W13 + jurnal,Commit docs/AI-USAGE.md dan docs/journal/w13.md,OPS-112;OPS-118,0.5h,-,Setiap anggota memverifikasi entri log miliknya,Planned
OPS-122,S14,G8,Ikuti sesi Peer Review: mahasiswa menjadi reviewer,"Mahasiswa belajar menilai problem, evidence, RQ, method, results, claim, limitations secara konstruktif memakai TPL-12.",Materi W14; TPL-12 Peer Review Template; MET-06,Ikuti sesi; kalibrasi dengan mereview satu contoh proposal bersama; bandingkan skor antar mahasiswa,Latihan kalibrasi review,docs/journal/w14.md berisi hasil kalibrasi,OPS-113,2h,Menjelaskan kriteria rubrik dengan contoh,Dosen memeriksa kalibrasi skor,Planned
OPS-123,S14,G8,Tulis peer review untuk draft tim lain (memberi),"Tim mereview draft v0.8 tim lain dengan TPL-12: komentar spesifik, bukti yang kurang, dan rekomendasi.",Draft v0.8 tim lain; TPL-12,Baca draft penuh; isi TPL-12 per bagian; beri minimal 5 komentar spesifik yang merujuk halaman/tabel; kirim sebagai PR review atau Issue di repo tim lain,Peer review terkirim,Bukti PR review/Issue di repo tim lain,OPS-122,3h,Membantu memeriksa konsistensi angka dalam draft; penilaian oleh manusia,Dosen memeriksa review spesifik dan sopan,Planned
OPS-124,S14,G8,Terima peer review dan buat tabel tanggapan (response to reviewers),"Semua komentar reviewer (peer dan dosen) dikumpulkan dalam tabel tanggapan: terima/tolak, tindakan, lokasi perubahan.",Review yang diterima; draft v0.8,Kumpulkan komentar; buat paper/response-to-reviewers.md; klasifikasikan mayor/minor; tentukan tindakan,paper/response-to-reviewers.md,Commit tabel dengan status tiap komentar,OPS-120,1.5h,Membantu mengelompokkan komentar,Tim memutuskan sendiri terima/tolak dengan alasan,Planned
OPS-125,S14,G8,Verifikasi ulang seluruh sitasi dan angka di draft,"Sebelum revisi, setiap sitasi dicek ke references.bib dan setiap angka ke results/; ketidaksesuaian dicatat.",paper/proposal.md; references.bib; results/main/summary.csv,Buat checklist sitasi dan angka; periksa satu per satu; catat temuan; perbaiki,Checklist verifikasi draft,paper/verification-checklist.md terisi; tidak ada sitasi/angka tanpa sumber,OPS-120,2h,Membantu mencocokkan angka secara otomatis; hasil diperiksa manusia,Dua anggota memeriksa silang,Planned
OPS-126,S14,G8,Perbaiki reproducibility README final dan uji dari environment bersih,README reproduksi diperbarui untuk eksperimen utama dan diuji sekali lagi dari environment bersih.,experiments/README.md v1; experiments/main/README.md,Gabungkan instruksi pilot dan main; uji dari clone baru; catat waktu dan hasil; perbaiki,experiments/README.md final,Commit; catatan uji reproduksi final di docs/reviews/,OPS-092;OPS-104,2h,Membantu memperjelas instruksi,Anggota yang tidak menulis kode menjalankan uji,Planned
OPS-127,S14,G8,Siapkan draft slide Research Defense (TPL-13),"Slide defense 7-10 menit disusun dari One-Pager v2 dan CER table, dengan slide cadangan untuk pertanyaan sulit.",TPL-13; docs/one-pager.md v2; CER table; figures/main/,"Susun slide sesuai struktur TPL-13; siapkan maksimal 3 slide cadangan (threats, error analysis, reproduksi); pastikan figur dari figures/",presentation/defense-draft.pdf,Commit slide draft,OPS-110,3h,Membantu merapikan alur slide; angka dari artefak tim,Tim memastikan tiap slide bersumber dari repo,Planned
OPS-128,S14,G8,Buka PR GATE REVIEW: Contribution Ready (manuscript-review.md) draft,PR manuscript review dibuka dari branch research/g8-contribution agar reviewer dosen dapat mulai memberi komentar; merge menunggu revisi dan defense.,OPS-03 G8; .github/PULL_REQUEST_TEMPLATE/manuscript-review.md; release v0.8,Buat branch research/g8-contribution; isi template PR; tautkan response-to-reviewers; minta review dosen + mentor + peer,PR GATE REVIEW: Contribution Ready (open),URL PR terbuka dengan komentar reviewer,OPS-121;OPS-124,1h,-,Dosen mulai review terhadap definition of done G8,Planned
OPS-129,S14,G8,Perbarui AI Usage Log dan jurnal mingguan W14,Penggunaan AI dalam mereview dicatat; refleksi ditulis.,docs/AI-USAGE.md; kegiatan minggu ini,Lengkapi entri log; tulis jurnal W14: komentar reviewer mana yang paling sulit diterima,AI Usage Log W14 + jurnal,Commit docs/AI-USAGE.md dan docs/journal/w14.md,OPS-121;OPS-122,0.5h,-,Setiap anggota memverifikasi entri log miliknya,Planned
OPS-130,S15,G8,Ikuti sesi Revision & Defense Preparation,"Mahasiswa belajar merevisi berdasarkan review tanpa mengubah klaim di luar bukti, dan cara menjawab pertanyaan defense.",Materi W15; response-to-reviewers; TPL-13,Ikuti sesi; latihan menjawab 5 pertanyaan penguji tipikal dengan merujuk bukti,Latihan tanya jawab,docs/journal/w15.md berisi latihan,OPS-122,1.5h,Berperan sebagai penguji memberi pertanyaan latihan,Mahasiswa menjawab dengan merujuk artefak,Planned
OPS-131,S15,G8,Revisi proposal/manuscript sesuai tabel tanggapan,Semua komentar mayor/minor yang diterima dieksekusi; perubahan dicatat di tabel tanggapan dengan lokasi.,paper/response-to-reviewers.md; paper/proposal.md,"Kerjakan komentar mayor lebih dulu; perbarui teks, tabel, figur; isi kolom lokasi perubahan; minta reviewer mengonfirmasi",Proposal v0.9,Commit revisi; tabel tanggapan berstatus selesai,OPS-124;OPS-125,5h,Membantu memperbaiki kalimat; tidak menambah klaim atau sitasi,Reviewer mengonfirmasi tanggapan memadai,Planned
OPS-132,S15,G8,Sinkronkan seluruh Research Pack dengan revisi,"Perubahan pada proposal ditularkan ke One-Pager, design card, analysis.md, dan README riset agar tidak ada versi yang bertentangan.",docs/research-pack.md indeks; proposal v0.9,Periksa tiap komponen Research Pack; perbarui yang terdampak; perbarui indeks,Research Pack tersinkron,Commit; indeks research-pack.md tanpa status parsial,OPS-131,2h,Membantu mendeteksi inkonsistensi antar dokumen,Tim memeriksa angka dan klaim identik di semua dokumen,Planned
OPS-133,S15,G8,Isi Research Integrity Checklist (TPL-11) dan tandatangani,"Checklist integritas diisi jujur: tidak ada fabrikasi, falsifikasi, plagiarisme, sitasi tak terverifikasi, atau AI tak diungkap.",TPL-11; seluruh Research Pack; AI Usage Log; verification-checklist,Isi tiap butir dengan bukti (tautan file); semua anggota menandatangani; unggah ke docs/integrity-checklist.md,docs/integrity-checklist.md tertandatangani,Commit checklist; tiap butir merujuk bukti,OPS-125;OPS-132,1.5h,-,Dosen memverifikasi butir secara acak; satu pelanggaran = gate gagal,Planned
OPS-134,S15,G8,Latihan defense (rehearsal) dengan timer dan mock penguji,Tim berlatih defense penuh dengan timer 7-10 menit dan sesi tanya jawab oleh peer/mentor sebagai mock penguji.,presentation/defense-draft.pdf; peer/mentor,"Lakukan rehearsal minimal 2 kali; catat waktu, pertanyaan, dan jawaban yang lemah; perbaiki slide dan jawaban",Catatan rehearsal,docs/reviews/defense-rehearsal.md berisi waktu dan daftar pertanyaan,OPS-127;OPS-130,2h,Berperan sebagai penguji tambahan,Mentor/peer menilai kesiapan,Planned
OPS-135,S15,G8,Finalkan slide defense dan lembar ringkas untuk penguji,Slide final dan ringkasan satu halaman (One-Pager v2) disiapkan untuk penguji.,Catatan rehearsal; docs/one-pager.md v2,Perbaiki slide; ekspor presentation/defense-final.pdf; cetak/siapkan One-Pager v2 untuk penguji,presentation/defense-final.pdf,Commit slide final,OPS-134,1.5h,Membantu merapikan,Tim memeriksa konsistensi slide dengan proposal v0.9,Planned
OPS-136,S15,G8,Perbarui AI Usage Log dan jurnal mingguan W15,Penggunaan AI dalam revisi dicatat; refleksi ditulis.,docs/AI-USAGE.md; kegiatan minggu ini,Lengkapi entri log; tulis jurnal W15,AI Usage Log W15 + jurnal,Commit docs/AI-USAGE.md dan docs/journal/w15.md,OPS-129;OPS-131,0.5h,-,Setiap anggota memverifikasi entri log miliknya,Planned
OPS-137,S16,G8,Presentasikan Research Defense (7-10 menit) dan tanya jawab,"Tim mempertanggungjawabkan riset secara oral di depan dosen pengampu, mentor, dan penguji; setiap jawaban merujuk bukti.",presentation/defense-final.pdf; Research Pack; docs/integrity-checklist.md,Presentasi sesuai TPL-13; jawab pertanyaan dengan merujuk tabel/figur; catat semua pertanyaan dan catatan penguji,Defense terlaksana,"docs/reviews/defense-minutes.md berisi pertanyaan, jawaban, catatan penguji, rekaman bila ada",OPS-133;OPS-135,2h,-,Penguji menilai dengan 5E Rubric; integrity checklist wajib sudah ditandatangani sebelum defense,Planned
OPS-138,S16,G8,Lakukan revisi pasca-defense,Catatan penguji yang bersifat wajib dieksekusi; yang bersifat saran dicatat sebagai future work.,docs/reviews/defense-minutes.md; proposal v0.9,Klasifikasikan catatan penguji; perbaiki proposal dan Research Pack; catat di CHANGELOG riset,Proposal final,Commit revisi; defense-minutes.md berstatus selesai,OPS-137,3h,Membantu memperbaiki kalimat; tidak menambah klaim,Dosen mengonfirmasi catatan wajib terpenuhi,Planned
OPS-139,S16,G8,Finalkan AI Usage Statement dan AI-USAGE.md,AI Usage Log ditutup untuk semester ini dan AI Usage Statement diselaraskan dengan versi final dokumen.,docs/AI-USAGE.md; paper/AI-USAGE-STATEMENT.md,Tambahkan entri W16; periksa statement mencakup semua tahap; tandai log sebagai final untuk Metopen,AI Usage Statement final,Commit; statement dan log konsisten,OPS-118;OPS-136;OPS-138,1h,-,Dosen membandingkan statement dan log,Planned
OPS-140,S16,G8,Isi Research Handoff (TPL-14) ke TA/mentor/AI Center,"Handoff mencatat what exists, missing evidence, next steps, owner agar dosen pembimbing TA dapat memulai tanpa mengulang dari nol.",TPL-14; Research Pack final; Limitations & Future Work; Rencana TA,"Isi docs/handoff.md: artefak yang ada (tautan), bukti yang belum ada, langkah berikutnya, owner, mentor, Research ID; kirim ke mentor/pembimbing TA",docs/handoff.md,Commit handoff; konfirmasi penerimaan dari mentor,OPS-138,1.5h,Membantu merangkum artefak; isi diverifikasi tim,Mentor mengonfirmasi handoff cukup untuk memulai bimbingan TA,Planned
OPS-141,S16,G8,"Perbarui registry: Issue, dataset card, dan publikasi bila ada","Status Issue, dataset card di datasets-registry, dan entri publications/ (bila endgame paper) diperbarui ke kondisi akhir.",Issue Research ID; dataset card; publications/PUBLICATIONS.md; TPL-06,"Perbarui Issue dengan tautan Research Pack; perbarui dataset card (status, ukuran final); buat Issue type:publication bila manuscript disiapkan; perbarui Mission Control",Registry diperbarui,Issue dan registry menunjukkan status akhir,OPS-063;OPS-138,1h,-,Pengelola registry memeriksa entri,Planned
OPS-142,S16,G8,"Lengkapi CITATION.cff, LICENSE, CHANGELOG, dan README riset",Metadata repositori dilengkapi agar dapat disitasi dan dilisensikan sesuai LICENSING.md.,TPL-15; LICENSING.md; README riset,"Isi CITATION.cff; pastikan LICENSE sesuai (Apache-2.0 kode, CC BY 4.0 dokumen); tulis CHANGELOG v1.0; perbarui README bagian Current Research Gate = G8",Metadata repo lengkap,Commit; README riset memuat status G8 dan tautan Research Pack,OPS-138,1h,Membantu format CITATION.cff,Tim memeriksa lisensi sesuai kebijakan,Planned
OPS-143,S16,G8,Merge PR GATE REVIEW: Contribution Ready,"PR G8 diselesaikan: semua komentar reviewer ditanggapi, defense lulus, integrity checklist ditandatangani, handoff terisi.",PR G8 terbuka (OPS-128); semua artefak final,"Perbarui PR dengan tautan defense-minutes, integrity checklist, handoff; minta persetujuan akhir; merge; perbarui label gate:G8-contribution dan Mission Control",PR G8 termerge,URL PR termerge; label gate:G8-contribution,OPS-128;OPS-133;OPS-137;OPS-139;OPS-140;OPS-142,1h,-,Dosen pengampu menyetujui merge = gate lulus,Planned
OPS-144,S16,G8,Buat release v1.0 Research Pack,Research Pack final dirilis sebagai v1.0 dengan seluruh komponen MET-04 dan PDF proposal.,PR G8 termerge; docs/research-pack.md,Buat tag v1.0; tulis release notes berisi daftar komponen dan tautan; lampirkan paper/proposal-v1.0.pdf; umumkan di Issue,Release v1.0,Release v1.0 di repo; Issue diperbarui dengan tautan release,OPS-143,1h,-,Dosen memeriksa release memuat semua komponen,Planned
OPS-145,S16,G8,Tulis refleksi akhir semester dan rencana semester VIII,"Setiap anggota menulis refleksi: perubahan cara berpikir, kompetensi AI yang dicapai, dan komitmen TA.",Jurnal W1-W15; AIX-02 level kompetensi; docs/handoff.md,"Tulis docs/journal/w16-reflection.md per anggota: 3 hal yang berubah, level kompetensi AI yang diklaim beserta bukti, langkah pertama TA",Refleksi akhir,Commit docs/journal/w16-reflection.md,OPS-140;OPS-144,1h,-,Dosen membaca dan memberi umpan balik akhir,Planned
